review_id,customer_id,product_id,rating,review_text,sentiment
1,900,855,3,Ask management more know middle ability letter account.,Neutral
2,255,358,4,Break environmental little show note doctor who morning few hospital.,Neutral
3,514,608,5,Simple yes develop success edge production hour agency style green film my painting.,Negative
4,707,941,2,Fish hotel pretty design fear interview perhaps voice face three we agreement particularly apply.,Positive
5,242,370,2,Develop may similar travel score each job by contain but center.,Positive
6,149,227,2,Identify increase lead turn parent executive statement character check how.,Positive
7,710,705,1,Product financial whom their personal situation body good bad until.,Neutral
8,299,303,5,Writer perform discuss office agent should skill wish policy shoulder expect wrong either hard whole.,Positive
9,757,826,2,Different between green middle concern after even energy role instead site.,Negative
10,850,389,5,Those say herself reach member tree we.,Negative
11,620,377,2,Product next product day house break approach home rich sense always entire another.,Positive
12,453,973,3,Bad space media likely whether until bill first somebody computer material.,Neutral
13,393,118,5,From less health plant stop benefit baby theory.,Negative
14,212,5,4,Would put popular build day of stay tax stay training same.,Negative
15,668,444,1,Mind country seven stop design us spend resource boy anything room top usually might.,Neutral
16,538,352,4,Or he picture audience floor instead program wrong writer.,Negative
17,594,755,5,Tough activity give TV score window coach painting training quickly campaign grow before year pull.,Neutral
18,595,533,2,Control situation mouth argue child themselves it six away almost owner decade similar hope record.,Negative
19,131,664,5,Firm wrong section pass manage clear worry guy paper hit represent.,Neutral
20,329,640,1,Ahead business note attack bit experience society vote.,Negative
21,612,124,5,Close air issue box half start at federal find require customer stock carry treatment.,Positive
22,256,658,2,To something environmental necessary professional grow office former major approach fly onto sister.,Negative
23,479,277,4,Across check history make wish about concern exist or fear scene.,Negative
24,561,822,3,Few during season modern present either game expert beyond clearly.,Positive
25,913,394,4,Game spend theory one allow media usually chair thank best range order.,Positive
26,63,664,2,Someone eight sit address care wonder now night you once environmental western.,Positive
27,311,360,2,Daughter decide beat toward hope part effect its across single first boy machine try family.,Positive
28,407,623,1,Tonight section poor center brother parent can.,Neutral
29,802,469,5,Tough least assume fly indeed stock industry leader special.,Neutral
30,105,985,5,Conference five occur believe ten heart hospital central help turn player drop tend center.,Negative
31,617,628,4,Read Mr have field eye better and edge upon economy.,Negative
32,837,700,3,Real difference late because manage put next this plant provide.,Negative
33,15,57,3,Believe kitchen trial second stock organization type window.,Neutral
34,687,251,1,Figure any of all point already recognize three race impact.,Negative
35,259,896,2,School long article job teacher bar alone end early beat can cold task.,Negative
36,723,919,1,Main hand form tell expect your economy begin continue reflect.,Neutral
37,412,150,5,Herself another network buy movie start cut trade rise type here loss travel worker.,Negative
38,259,452,2,Exactly according machine time expect rate fill if Republican upon no.,Neutral
39,614,162,1,Single story leg visit deal though believe task east avoid.,Neutral
40,260,120,4,Ahead level plant toward statement street card suffer education strong Democrat memory show senior economic energy.,Positive
41,856,582,5,Fill executive write mind every strategy tough character want also behavior thought election table risk newspaper.,Positive
42,671,924,3,Eight service court do cold fight maintain Congress concern big car entire number available.,Neutral
43,45,351,1,Draw piece be in mouth place movement less above meeting stay history focus she.,Neutral
44,955,99,5,Sea crime always lose tonight fire pressure production young attorney skin all event policy coach.,Positive
45,813,167,5,Road beyond piece enjoy ask difference only.,Negative
46,763,810,3,Could behind experience each whether hold benefit scientist list position audience.,Negative
47,331,663,3,Especially poor stuff particular sister significant scientist could glass third mind continue huge interesting its serve.,Negative
48,165,838,3,Movement break figure beat college authority paper international almost.,Neutral
49,193,976,1,Like use military feel pass officer pay market nation believe sense writer fund record set.,Positive
50,521,514,3,American short all everybody body never look audience model care hit.,Negative
51,401,664,4,Pull note authority director create late herself different thing camera record man long measure.,Positive
52,374,401,5,Course receive in reason up every six impact.,Positive
53,65,365,3,Leader way base investment heavy better economic past they blood performance result thousand between special on.,Neutral
54,387,577,5,Character high trade amount oil address church process rock do rather current night remember nor kid.,Negative
55,495,326,2,Rest page situation through Mr wife mission believe her state ok write tree.,Positive
56,794,581,2,Education show board bring during physical through four job budget music whether check staff body.,Neutral
57,693,633,3,Step nature clearly personal beautiful team since.,Neutral
58,415,621,5,Near campaign represent from above green game parent rather hospital.,Neutral
59,794,828,2,Benefit owner admit century believe office those produce protect raise friend and material.,Negative
60,791,247,3,Production crime who clear better fire hit coach pull under meeting.,Negative
61,30,434,5,Be behind house turn north three weight subject.,Neutral
62,266,93,3,Enough here system short spring stay into reach skill method fact win bag when drop.,Negative
63,328,268,5,Collection heavy any key article sit newspaper over.,Negative
64,492,615,2,Movement chair practice people hit dream second remember issue deep power able growth.,Positive
65,217,943,3,Again serious easy total whose year girl Mr drop.,Neutral
66,320,963,2,Brother agency member present officer me set wide against.,Neutral
67,918,624,3,Herself treat drug friend law lawyer for successful modern you look probably.,Negative
68,399,321,1,Common put read kind assume sign author character second painting base space run or consumer.,Neutral
69,891,923,2,Instead economy energy front property what go door against.,Neutral
70,105,816,2,State young provide crime position score our then.,Neutral
71,696,856,4,In answer fast picture land majority now anything police western test choose compare.,Negative
72,330,62,2,Teacher sense case interesting along perform career individual morning.,Negative
73,660,300,5,Administration television cut ability out still whom air create.,Negative
74,617,403,3,Option quickly sure treatment radio wide land respond production listen.,Positive
75,47,955,1,Knowledge usually thought she own usually cause government sort call report me.,Neutral
76,599,648,5,Interview air cover seek break various true amount.,Positive
77,821,567,5,Close traditional world create themselves pressure involve green first success piece bank officer stock magazine.,Negative
78,949,620,5,Situation manage establish discover vote year increase factor contain another.,Positive
79,641,303,5,Song pattern system true art much miss own mother rest be.,Neutral
80,770,770,1,Choose nation add major hotel officer bring usually station mother true number Republican.,Neutral
81,314,253,4,Process however lot century operation seat scene gun black keep later agent store picture.,Negative
82,147,734,2,Name pass class war different seat save cause control pull conference account indicate.,Negative
83,958,478,5,Network heart choice nice require identify speech pattern discover degree so pattern speech her.,Positive
84,462,369,2,Consumer third such art soon career lawyer off option.,Negative
85,584,679,2,Should baby world cost future set item page election cup civil against.,Positive
86,486,941,5,Let shake travel break reach word while.,Neutral
87,652,160,4,Late step let everything best current want these test.,Neutral
88,410,961,2,Certainly big answer fact far cell attention through another easy shake case job ahead begin.,Neutral
89,27,166,3,Realize out moment performance perform drug language home talk carry change good unit future throughout cell.,Neutral
90,29,205,2,Responsibility threat experience fine send go reason computer check occur floor.,Neutral
91,271,267,5,Ball including fire short citizen guess ask board walk management reach shake art.,Positive
92,686,138,1,Attorney hair enjoy science black summer want nice college magazine then force the standard cold.,Neutral
93,501,368,2,Again because expert five not question official late ago.,Positive
94,253,443,4,Later describe stand compare expect happen memory set enough down art everybody provide get safe.,Neutral
95,385,858,3,Together rather food take grow glass box be drive particular director.,Positive
96,60,760,3,Human up play dog everything degree mission hold require trip American artist dream.,Positive
97,107,567,1,Woman traditional per night dinner future myself animal health.,Positive
98,220,916,1,Support now who personal record win draw writer type think southern direction again.,Negative
99,441,721,2,Everybody former official experience appear foreign quality wall.,Positive
100,771,17,5,Bit race serious camera discussion plan sign out cover need arrive condition several.,Positive
101,883,68,4,These camera example case seven well thing indeed bar.,Neutral
102,658,133,3,Allow sign threat require develop future turn detail position last huge compare final happy special.,Positive
103,564,700,1,Black what low bag both sister sometimes always others hear structure whose throw by may owner.,Positive
104,572,919,4,Little strategy far million treat grow experience concern rest.,Negative
105,546,430,5,Later prevent among expect body my make Mrs so lay civil million available tonight TV serve.,Neutral
106,96,308,3,Able run speak theory debate morning draw relate site suddenly movie no.,Negative
107,989,650,3,Heart start everything result pull bill reason determine significant.,Negative
108,89,174,5,See in sea cause include movie pass fall PM life community care research conference type.,Negative
109,828,412,3,Happen near many three increase near bag our woman budget.,Positive
110,922,97,5,Republican site sister some individual model Mrs.,Negative
111,231,683,3,Around create employee example seven threat father despite worry mind.,Negative
112,968,154,2,Theory painting list sea nice ready have rather others radio only fact.,Neutral
113,275,695,5,Majority forget each land white with above upon.,Neutral
114,246,242,4,Environmental though point wonder eight vote only live center thus system happen thing.,Neutral
115,111,304,2,Paper positive spring back born only picture white consider.,Neutral
116,234,285,4,Event scene someone theory effect involve owner focus itself.,Negative
117,278,27,3,Operation culture growth item process meeting remember change best with western.,Neutral
118,477,402,4,Week top budget role lay realize cost open treat.,Positive
119,417,360,2,Conference about for now left very fear new question what affect mention pay somebody.,Negative
120,678,60,5,Though represent plant turn everything cover red organization hope skill first.,Neutral
121,128,202,1,Report least anything very ground yeah about fine natural election.,Negative
122,237,762,4,Congress although source main down born once miss lot just then worry.,Neutral
123,803,874,1,Stop relationship simply soldier break decision put.,Negative
124,619,581,4,Against share agent avoid say between evening entire control direction agree discussion claim western participant card.,Neutral
125,128,970,4,Study style myself throughout better watch site discover property.,Positive
126,707,370,5,Blood cold organization world main think result door conference walk.,Neutral
127,851,533,3,Particular different summer option condition maybe current already provide certain tend itself I successful ask.,Negative
128,394,152,2,Worker determine business source concern quite couple nation over.,Negative
129,475,102,2,Science protect away deal sign enough with wife price admit dinner.,Positive
130,655,899,2,American product campaign PM thank side inside focus grow fund officer.,Negative
131,395,1000,3,Specific create school sport couple play than reality discover man fly take four.,Positive
132,111,607,1,Risk teacher democratic product technology save explain pressure hotel.,Negative
133,90,446,2,North test service film tree energy chair probably too shoulder.,Negative
134,763,873,1,Long sea west individual exist by kid bed imagine century hot behavior east.,Positive
135,280,229,3,Call expect must boy group feel need whom operation.,Negative
136,333,125,3,Wear physical social indeed degree low within personal sea game who standard.,Negative
137,224,770,5,Answer challenge budget professional front cup war suffer site late dinner local American environment president floor.,Positive
138,101,834,2,Charge pretty deal red pick great bag scene treatment view wrong newspaper stuff run.,Neutral
139,132,999,5,Class television peace just listen control bill determine.,Positive
140,13,881,2,Rate group market tell power clearly soon gun civil.,Negative
141,457,938,3,Office issue draw home test expert social me discover risk.,Neutral
142,441,236,3,About indeed course Congress scene coach president order could image.,Neutral
143,98,162,4,Themselves product should great range purpose black successful southern trial main go machine.,Neutral
144,120,554,4,Foreign do best approach mission commercial fire somebody.,Positive
145,293,788,3,Happy one suddenly like fund either need major choice recent.,Neutral
146,816,353,3,Blood Republican natural often religious arrive spend hold require.,Neutral
147,711,68,1,Charge suffer he threat lawyer realize least know member blue fly hospital feel major history.,Neutral
148,1,173,1,Place debate turn season send international attention discussion seven improve figure.,Negative
149,572,843,5,So nor treat past discover world run ok task never indicate security miss.,Positive
150,250,637,4,Threat call interest north two investment site most pattern another protect in wind.,Positive
151,652,682,4,Until social same control rest war feeling rest.,Negative
152,149,559,3,Vote baby stage garden happen hotel for management skill million song start across.,Neutral
153,395,261,3,Nice four rock these human form leg population respond tonight way.,Negative
154,44,217,5,Cut figure away open once bad require know.,Negative
155,883,817,4,Participant record forward fast usually everything put describe chance if our three across must dinner.,Neutral
156,698,124,1,Eye learn control yes call effort chair recently right next exactly apply.,Neutral
157,620,805,2,Air city individual yourself do physical less cup thus rock pretty back century.,Positive
158,44,162,5,Mother people color perhaps nor perhaps whether check environment defense pattern possible movement.,Neutral
159,78,201,2,The Republican whether concern near citizen beautiful create.,Negative
160,226,454,1,Economy age real beyond development choose TV others.,Negative
161,162,402,1,Moment year edge join business interesting week back lot parent again film truth something compare score.,Neutral
162,793,462,2,Difference major sort ask term born spring lawyer finally task stock fall hundred.,Positive
163,253,275,5,Front size often condition rock wrong knowledge affect here recently process guy until every.,Negative
164,132,206,2,Lead woman will time certain first PM choose coach data spring step end positive call huge.,Neutral
165,448,40,5,Analysis name some dog no quickly loss husband which.,Positive
166,884,273,5,Sort author town understand town oil notice bring arrive culture imagine.,Positive
167,887,700,3,Tonight to get soon accept fight movement mind big short.,Negative
168,474,867,4,Worker science film he minute American anything.,Negative
169,656,93,4,Because east wonder cold want teach more TV evening space.,Positive
170,778,42,1,Simply rather some nor continue newspaper again light she ever item TV.,Positive
171,109,465,3,Until agreement student friend artist them paper environment assume stop guess interest black it north reduce.,Positive
172,706,379,4,Nature before color anyone pull finally trade responsibility decide open.,Neutral
173,35,107,5,Tonight role where any focus month he write.,Negative
174,467,328,5,Performance smile teacher however order short point score unit measure agreement.,Positive
175,902,65,2,From relationship nothing economy speak south with article effect example center.,Negative
176,275,365,2,Human officer resource majority action happen nothing local large show protect.,Negative
177,187,821,5,Expect special business goal name Congress green.,Negative
178,949,484,5,Note debate more crime adult under in early building year push four time much old.,Positive
179,243,647,2,Society mission physical show bit price thus speak interesting building poor piece anyone arm drop down.,Neutral
180,264,901,4,Down decide number section body own century party arrive.,Positive
181,974,24,1,Sure seat college these society financial property cultural so everything mouth.,Negative
182,522,540,2,Meeting two item popular performance toward fear wonder yard last draw single exist bar your spring.,Positive
183,963,62,4,Response commercial appear artist entire positive political public writer.,Positive
184,678,491,4,Success fill woman significant article onto back argue manage animal response guess.,Negative
185,541,273,4,Card opportunity base since someone parent present yourself change also represent attorney.,Negative
186,783,229,3,Someone beat city so draw book heavy fear memory age effort job its partner.,Positive
187,87,20,3,Discuss as sometimes Mr manager heavy tell scientist play.,Positive
188,535,3,4,Against table heavy paper how finish law away various effect center any.,Positive
189,210,421,5,Across reason process such probably between leader both in second yet growth.,Positive
190,46,730,3,Reason general long project go car full sometimes black heart.,Neutral
191,467,911,2,Ask guy alone appear assume ahead word forward military mind leg second first of activity break.,Positive
192,540,307,3,Many market approach government wide cover save service growth white.,Neutral
193,26,432,5,Learn recently lawyer final fast she back service drop air item pick design project eight.,Negative
194,266,136,1,Third great rock sea who pull of.,Neutral
195,175,909,3,Financial bank matter be officer provide try.,Negative
196,516,944,4,Everyone research help tough across specific prevent heart star nation lay.,Neutral
197,311,515,4,Choose reflect doctor capital pay idea far most among.,Negative
198,322,193,4,Return describe author main treat image discover story kind page.,Positive
199,579,585,1,Realize water prevent Mrs we participant sound until something process window a long.,Neutral
200,135,415,5,Evidence student everything eye seven serious pay will society move draw move activity.,Neutral
201,55,873,2,Relationship per look plan sea bag memory positive save suffer human three.,Negative
202,976,118,5,Food piece hundred choice tend behavior benefit position me sure somebody best father.,Negative
203,543,666,1,Show partner have writer piece front single security practice.,Neutral
204,586,209,4,Finally school week bar home body heavy six bag test class tree.,Negative
205,531,952,5,Us level economic thus meeting another church rate control church describe pick.,Positive
206,156,34,2,Paper development try by customer wish yes why set free western campaign practice decade color four.,Neutral
207,849,649,4,All article begin boy concern well personal scene animal include behavior part fact health.,Positive
208,668,318,2,Room rich discussion poor couple step nice not at scientist computer usually bit.,Neutral
209,147,120,3,Believe improve beautiful across sea citizen energy become mean smile recent time reality.,Positive
210,485,627,2,Point serious product grow write use whom soon fall cause law know beyond bring ever.,Neutral
211,599,525,4,Last language serve score me type bed.,Negative
212,20,581,3,Community both example several car your social under this Democrat human system difference.,Neutral
213,269,937,4,Baby house beyond significant president ability together organization.,Positive
214,333,845,4,Yeah great without statement young religious fly somebody father way democratic and national treat.,Neutral
215,555,769,3,None member certainly sort think onto focus arrive after certainly would feeling.,Positive
216,907,89,2,Expert itself trial war sport share like lead movie station current debate first.,Positive
217,944,512,1,Not study note also car itself gas.,Positive
218,911,47,1,Very PM yourself discussion camera modern full parent way imagine amount follow time example.,Negative
219,401,772,1,Fine ground avoid director range fly wait could inside away.,Neutral
220,950,740,1,Scientist lead heart speak never final course catch human push.,Positive
221,306,959,5,Into other defense society east lay seem particular prepare read close especially develop hospital PM six.,Negative
222,28,692,1,Detail take poor item conference security maintain network authority watch.,Positive
223,467,522,3,Money chance per total ask nation thousand wife rate leave life staff image without hot.,Neutral
224,260,284,1,Hour film eye thought near him unit lot weight oil.,Negative
225,534,377,4,Use animal great room not method particularly her.,Positive
226,982,638,1,Task political Congress into appear air meeting.,Positive
227,887,134,2,Cause free where foot weight of some at bank rise order some good computer event.,Positive
228,101,667,3,Prevent daughter still statement travel central political control may pass family.,Neutral
229,551,248,3,Do toward common should story art likely.,Negative
230,802,652,5,Across former with when sense public yes drive decision point why strategy sister room authority.,Negative
231,353,318,4,Put perform in to sound stage past baby nation feel for traditional do.,Negative
232,300,436,3,Item training as away free number computer center trial.,Positive
233,682,176,2,Far be red science rate last question citizen guess south town end.,Negative
234,296,835,1,Along position test check window development us nature minute high probably box produce couple however.,Positive
235,353,686,3,Yet character say office effect area respond song picture computer animal half the.,Neutral
236,908,993,2,Somebody because trial represent base catch way rate high stage time blue.,Negative
237,130,586,1,Though section lot rate we federal religious easy citizen forget.,Positive
238,156,351,5,Skill action authority own field decide style new society present feeling like network.,Negative
239,74,143,3,State who this experience traditional model him party glass deal suggest it blood production surface.,Negative
240,342,967,3,Seat view early blood than move trip computer call forget trip person brother group we reach.,Neutral
241,465,804,2,Poor mission receive until course social way another throughout recent summer respond particular.,Negative
242,90,398,4,Hotel very under score top main discuss office strong bad one challenge foot.,Neutral
243,579,624,5,Pull arm pick recognize election yard perform sell appear toward.,Negative
244,455,718,4,Book worry would major coach large take source guess wonder artist wait anything role suffer.,Negative
245,748,643,3,For crime career throw center century sit poor yeah particularly there above common reduce.,Negative
246,712,369,4,Lawyer fish hour mention close character all level us option.,Negative
247,980,501,1,Performance class view party prove human direction item cover computer suffer wall data knowledge actually.,Negative
248,332,622,5,Western nature doctor system data send any current life within home seek.,Negative
249,739,370,4,Court subject or difference her instead ever page member yard listen war machine though.,Neutral
250,977,579,1,Friend particularly person story born discover build contain young.,Neutral
251,348,382,2,Each clearly building turn already ever have peace trade line authority major yourself.,Positive
252,233,86,4,Out hear feeling leg crime care society I officer eye street contain father.,Negative
253,778,787,5,Friend start simple outside least hundred but kind weight special term.,Neutral
254,598,739,1,Role blue seat develop the ever environment increase everyone instead Mrs open indeed star.,Negative
255,102,460,4,Agreement hair protect economic left agree power plan operation realize chair attention whatever continue.,Negative
256,953,950,2,Maybe toward school take machine person left already read PM.,Neutral
257,481,325,4,Affect which cultural what hope career with only offer energy must common figure message catch program.,Negative
258,214,522,1,Anything plan style against safe daughter old anything view.,Neutral
259,108,489,4,Home experience collection check adult cell spring every peace lose able rise nice.,Neutral
260,165,929,5,Low dinner brother seek two vote level eat these soon.,Positive
261,973,397,3,Education else agent class station common call media.,Positive
262,603,896,1,Magazine your TV suggest reflect language stand Republican natural member grow laugh building.,Positive
263,704,355,1,Even both main society step no tree community too security upon security.,Positive
264,335,947,1,Consider live win campaign then matter lot level up effort memory police they small.,Negative
265,86,288,1,Play until against modern away special political where view begin character.,Negative
266,734,459,4,Whatever majority view would off good challenge end light hard commercial dark official campaign usually.,Positive
267,875,624,5,Early interesting boy husband reduce head vote him use would pull region happy.,Neutral
268,424,998,2,Thank choice gun effect improve case pull site clearly form born American outside probably fill.,Neutral
269,613,536,5,Really knowledge step not happen maintain writer establish.,Neutral
270,738,291,1,Look detail bar wide black create account approach they since store event clearly speak billion.,Neutral
271,364,851,4,Moment sell check enter top education catch everyone method which window investment operation house hit.,Negative
272,60,838,4,Occur same another room trip seven individual heart why impact group top share action.,Neutral
273,482,168,1,Stock main Congress report method lead five begin free.,Neutral
274,250,950,4,Yes three hit arrive security appear blue campaign while customer house far style.,Positive
275,560,621,1,Arm less during everybody baby choice however develop mother pick TV.,Neutral
276,117,428,5,Good remain marriage of movie collection manager hard move.,Negative
277,739,702,3,Blood house describe plan same growth seat someone.,Neutral
278,874,490,4,Tough evening stuff specific range commercial sort role according since learn.,Neutral
279,915,355,1,Try product notice policy behind leader study suddenly require note light painting all rest born bag.,Negative
280,968,196,1,Catch deep risk factor spend car from arrive test house speak chance if.,Positive
281,999,545,4,Future firm wear safe first forget some another market significant live become seek guess.,Negative
282,545,717,2,Piece house sister because then here fill.,Positive
283,44,824,1,Main others end light PM attorney task fact push see government let would administration bring near.,Neutral
284,509,932,4,Child poor how organization popular seat store capital writer ask.,Positive
285,988,694,1,Data water take three total discover recent piece.,Positive
286,165,659,2,Never energy the throw safe physical he space should half former manage wear assume report son.,Positive
287,368,939,3,Stuff these size issue high blood big consumer hand require.,Neutral
288,857,780,2,Long employee worry want happy language pretty person appear put herself section feel throw land.,Positive
289,292,11,5,Suggest sort white man help actually different do major big head.,Positive
290,849,582,4,Small unit or space model field style reach become buy military.,Neutral
291,856,256,2,Sister particularly condition despite before near once would those more produce someone guess.,Negative
292,917,396,3,Answer best ten simple community operation apply up challenge nor majority six page million central.,Negative
293,898,731,1,Teacher him low everyone significant security individual billion green Congress hold opportunity Congress help mother.,Negative
294,799,809,4,East responsibility even plant fall keep anything sure woman nearly some hair road positive least nothing.,Neutral
295,876,409,2,Certainly art foot manager paper use skill beyond.,Neutral
296,737,362,3,Identify source difference her suggest experience chair government small reality opportunity collection data.,Negative
297,286,259,2,Sing performance foot share tough personal trouble offer appear piece save beautiful wife decide in charge.,Positive
298,204,3,5,Short certainly road worry issue hair technology reflect.,Negative
299,684,84,4,Practice doctor nation set program end environment since tax campaign agreement over security important surface she.,Neutral
300,524,156,1,Southern middle true serious when girl require hair newspaper do three water score audience against call.,Positive
301,819,663,3,Site add remain great maintain plant mind pressure eat book thought.,Positive
302,121,176,2,Specific statement surface key week expect address term town activity able build.,Neutral
303,945,707,4,Four data soon yourself success enjoy Mr ten candidate act key meeting card think.,Positive
304,756,938,2,Particular maybe member deep book hard large several alone practice responsibility arrive subject amount everything require.,Negative
305,664,472,4,Religious each want similar lead wonder pass it enter middle reality thousand generation firm thousand.,Neutral
306,664,619,5,Special operation few college trouble style including machine laugh push field across bank good suffer.,Neutral
307,188,424,2,Century administration natural protect generation dream say different of situation.,Neutral
308,907,134,5,Environmental foreign night later level attention almost among.,Neutral
309,13,788,3,Go much want truth step item choose town into religious explain require former way treatment also.,Positive
310,603,907,5,White in camera look prepare poor big girl sea test hotel interest over.,Neutral
311,200,864,4,Door memory attention low former both maintain base rest quickly while Republican hear.,Neutral
312,586,380,3,Various animal central agent range tonight source one view suffer.,Positive
313,768,667,2,Also do director right measure buy be back care professor suddenly.,Neutral
314,456,277,2,Increase relate traditional TV speech south seat should lawyer cause.,Positive
315,448,236,4,Contain book they sign forget lose and letter thought arm fly toward professor agency.,Positive
316,788,752,1,Describe wrong responsibility top whole toward activity out eye catch nice too assume.,Neutral
317,840,882,1,Heart people such citizen should lead represent newspaper less.,Negative
318,841,13,2,Whom pull war course to break could.,Neutral
319,71,342,4,Matter much drop just really someone discuss drug ahead.,Negative
320,590,35,1,Commercial public smile any job raise race call direction no recently.,Positive
321,796,559,5,Project produce check continue peace trouble heart ball prove enter animal improve source from moment together.,Negative
322,130,214,2,These use across also than rather whom coach production mother surface of instead.,Neutral
323,889,412,5,Customer cold exist image first true on city item grow respond.,Neutral
324,43,405,4,Bag chance water assume key lawyer cold already.,Negative
325,520,494,5,Hospital doctor possible east record number leave possible TV.,Neutral
326,13,658,1,Husband claim service individual mother message team wife.,Negative
327,725,159,1,Take whom go social window small education firm certainly model.,Positive
328,623,956,3,Law boy area specific discover affect need into local.,Negative
329,988,637,2,Pressure indicate discussion local yeah toward lawyer born for out hot song soldier consumer day figure.,Negative
330,803,110,4,Site hundred job size meet method owner race similar next plan perform compare.,Negative
331,535,549,2,Position money of brother respond member way pick could mention think participant use sister ability.,Negative
332,302,789,5,Painting attention sister various fact response toward window deep main own eight.,Positive
333,766,526,4,Form agree require reveal word across include trouble manager.,Positive
334,527,985,4,Right agree heart risk must share start two thing.,Positive
335,642,347,1,Crime our success always industry than teach second lose rate hair.,Negative
336,573,744,5,Method every lose sport act national room discussion evening difference side scientist knowledge appear generation.,Positive
337,115,828,1,Run also month husband mouth policy technology.,Neutral
338,460,636,1,Within wish project surface truth training population military air phone carry lead ahead.,Positive
339,832,279,3,Pull southern ten meeting arrive past very.,Negative
340,505,479,1,Assume evidence room must hard exactly painting.,Neutral
341,308,111,2,Color field notice truth positive computer glass one choice develop year floor.,Negative
342,932,636,4,Hour hotel describe operation stay arrive least owner executive appear face.,Neutral
343,963,925,1,Question forward thus institution sometimes culture already to charge drug word college discuss method consider century.,Negative
344,325,431,2,Whatever by expert quite research set himself writer mission factor.,Negative
345,579,542,5,Its learn since common fly art morning manage bill possible recognize involve growth former a.,Neutral
346,761,115,4,Any talk never use time decision service yes financial expect week audience throw western it.,Positive
347,175,90,5,Hit size sound whatever oil may participant go star.,Neutral
348,851,212,2,Physical skin actually trouble media plan risk across course.,Neutral
349,514,550,5,Republican suddenly claim seek soldier finally alone while policy believe nearly item significant carry.,Neutral
350,172,595,5,Knowledge these pick much his rest allow show.,Neutral
351,997,539,5,Gun recent street edge general past break statement.,Neutral
352,960,729,1,Approach sport figure weight deal three another pass direction newspaper often station beat value positive.,Negative
353,502,360,1,Sister black matter those director two during.,Negative
354,977,486,1,Bad this receive play again care now exactly wind life scene.,Positive
355,334,372,4,Poor maybe dog kind raise indicate hospital special beautiful play four.,Positive
356,284,215,2,Number matter which yourself but myself source such more security number.,Neutral
357,475,733,1,Generation one goal company teacher threat generation book.,Positive
358,54,15,5,Rule mission other series claim strong record song.,Positive
359,458,955,5,From month arm mouth option southern western.,Neutral
360,579,259,5,Enter describe while might prevent suffer east property successful offer break.,Negative
361,420,778,5,Low product enter property strong pretty today energy beat only.,Negative
362,614,463,3,Whom respond provide instead single concern rest hotel deal name.,Positive
363,632,120,4,Wind government value ground gas couple discussion population.,Negative
364,703,976,2,Enter form southern back per the difficult drive admit medical until ok if.,Negative
365,409,913,2,Reality leave cover street should drug medical attack suffer decision same hope water someone personal.,Positive
366,982,128,1,Ability toward management number movement rest put first science cell shake effect score glass simple reveal.,Neutral
367,304,723,3,At bank as room me agent across will strategy special.,Positive
368,935,523,2,Fall catch person system writer peace minute writer car recognize physical team.,Positive
369,559,688,4,Consider never street ready operation five soldier sign history suggest country he.,Positive
370,222,645,5,Prove drop news phone spring reveal whole.,Neutral
371,533,325,1,Often compare walk individual themselves anyone goal who itself.,Neutral
372,158,320,4,Bag choice office police move glass one evening.,Neutral
373,348,506,2,Front month exist alone less level her ability interest have care.,Neutral
374,159,526,3,Whatever bit training discuss help quickly enter find small produce if situation.,Positive
375,889,50,1,Risk number whom peace in difficult away future per region change eye budget one personal hotel.,Negative
376,884,922,2,Left soon economic rock Mrs set simply total night shoulder inside police number commercial manage.,Positive
377,922,584,1,However project happy specific best bag product staff.,Neutral
378,235,69,2,Maintain challenge group image stay image finally.,Negative
379,662,391,5,Blue finally side fear lay dream rock other determine evening hospital task what.,Positive
380,405,383,3,Mind training after concern sell notice better street arm cut same quite fly.,Negative
381,257,16,5,Sign where soldier thing down concern father interview approach very nor and piece.,Neutral
382,677,439,2,Road level smile ok get walk fight subject realize generation.,Negative
383,589,846,4,Clearly not attention act property arrive soldier hold discussion story catch tend.,Negative
384,597,869,5,Brother home better her city exist result.,Neutral
385,558,568,4,President election economy author almost me response heavy event instead.,Negative
386,905,617,2,Share what student military in ten media moment soon country traditional smile top western.,Positive
387,913,132,3,Five decision drug between early represent true smile central property meeting.,Negative
388,47,996,4,Nation read by talk serve win as nor research seven perform fly use.,Positive
389,213,560,2,Marriage job western tough forward language protect.,Negative
390,479,248,4,Street cultural mother enough city start serve week and high near bank control reduce minute.,Negative
391,487,273,5,Because alone certain throughout other myself stock economy building herself move.,Neutral
392,571,623,2,East cover quickly art subject dark child mother service police decision common until family above.,Neutral
393,566,932,5,Language teach interview alone source student free growth my age station model yourself bill way.,Positive
394,342,838,1,Idea even current discuss way summer black can future.,Neutral
395,524,848,2,Check investment thus meet camera raise hit.,Neutral
396,704,349,4,Along sister few usually poor along to cultural door power all many main save.,Neutral
397,503,484,1,Interest eye goal check decide like organization others tend.,Neutral
398,6,550,5,When quickly near soon take mean push authority agreement teach defense time.,Neutral
399,821,357,5,Hot finally address gas recognize increase machine.,Positive
400,144,752,4,Base fact job experience commercial miss four image significant happy red political political exactly expect.,Positive
401,858,318,1,Yes rock pass whole reality everything anyone realize.,Neutral
402,261,633,3,Society something force subject media create case stock involve everyone news beat word yeah.,Neutral
403,585,48,4,Role quite air civil experience just this add.,Positive
404,686,10,5,Together reach black seem shoulder environmental authority clear most.,Negative
405,232,233,2,Alone kind ever question best energy face.,Positive
406,270,36,1,Them rule baby line guy middle TV prove low.,Negative
407,940,413,3,Appear increase debate sense produce base sister listen glass.,Neutral
408,447,462,2,Individual economy from good soon type difference claim key place.,Neutral
409,874,4,1,Hit property number see argue language go consider method college that oil.,Positive
410,222,44,4,Him heavy stay too cost never president newspaper interview fund wait author face.,Neutral
411,52,568,4,Continue success ok role early land include yes those rest approach age become.,Negative
412,116,554,1,Act Mrs next hair design under future list go power body certain couple success.,Negative
413,538,255,3,Claim last month audience east region campaign area.,Positive
414,565,740,1,Project herself despite teach training direction meet run politics security town physical challenge effect least girl.,Negative
415,877,114,2,Apply yet we culture we garden history sort goal other meeting my out system.,Positive
416,541,749,2,Radio between seek song institution yes have magazine building beyond.,Positive
417,19,397,4,Available investment be effect sometimes everyone clear later decade high political form every attorney require.,Negative
418,815,174,1,Think recognize field attention center exist class sport voice maintain continue.,Negative
419,392,255,4,Democrat argue response color bed watch available direction street inside son early create time.,Negative
420,791,466,3,Give Mr star not beat player as we bit trouble work term pressure key could report.,Negative
421,629,929,2,Politics look all new drive style fall peace fight size.,Negative
422,618,277,5,Site he front blood young leg house control country many hear wear nothing.,Negative
423,419,464,5,Operation suffer again area left travel foreign real step response share black during.,Negative
424,991,847,1,Situation international education know term nearly tough range surface water.,Neutral
425,309,502,1,Yes particularly ever body city follow chance note.,Positive
426,739,441,5,Administration main every second perform prepare member painting owner nor large example drop ever.,Positive
427,864,69,1,Executive loss behavior affect write economic gun part machine go risk under.,Negative
428,186,509,2,Goal strategy deal them and total color goal fly television source no.,Positive
429,261,326,3,Middle brother media space drop skin region inside.,Negative
430,528,742,3,All no type summer best speech education young space on live adult alone.,Neutral
431,273,67,4,Eye city room who visit market baby our we be leader.,Positive
432,160,304,2,Reflect picture late letter research inside yourself he single maybe use against send.,Positive
433,870,972,1,Start state give raise dinner although sure.,Neutral
434,762,484,1,She wear stuff believe carry despite conference.,Neutral
435,224,929,4,Weight citizen Congress myself themselves place person behind decision somebody event represent local.,Neutral
436,256,548,4,Similar simple trouble human go road everything lose record ground edge.,Positive
437,180,417,1,Future between quality at cause pretty car writer rate customer hand.,Positive
438,20,159,1,Couple clear him evidence voice prove law within another black appear member guess.,Neutral
439,624,149,2,Sometimes way image fact sit deal find skin young.,Neutral
440,632,27,4,Fire rock determine heart become weight citizen rate or person member scene.,Neutral
441,706,987,2,Or go after institution out wind in source sign summer good free concern significant.,Neutral
442,468,584,1,Lead image skin population citizen focus a military avoid prove.,Neutral
443,623,248,5,Who key finally treat last beat song work television argue pattern century medical to.,Negative
444,210,101,5,Put house full share people gun local different realize quality table.,Neutral
445,513,702,1,South family describe least tax energy upon certain dark test while analysis accept nor.,Negative
446,58,96,4,Second without remember candidate describe allow here matter name important.,Positive
447,93,384,5,Data possible seven test interesting heart character hot suffer.,Positive
448,221,282,4,Individual look watch hundred since military less effort same.,Negative
449,723,322,5,No scientist expert western democratic international page situation.,Neutral
450,940,396,4,Cause box science thing they movement door.,Positive
451,232,278,5,Space law score significant mouth operation experience sit line why themselves peace.,Neutral
452,774,529,4,Amount pull bring defense too rather world civil past between choice energy.,Neutral
453,364,263,2,Fine soldier doctor support because reach experience measure physical north main expert meeting per bring standard.,Negative
454,615,619,4,You apply argue him painting test after need instead.,Positive
455,562,580,2,Number year measure another quality point push least weight realize building improve support chance.,Positive
456,374,640,2,Response they paper approach paper parent those five there herself.,Negative
457,622,293,1,Watch now help manager room decade draw some business morning new side character understand during.,Neutral
458,456,294,2,Attack day this career weight let grow human first development force.,Neutral
459,88,608,3,Yard bill a college quickly ball which improve charge.,Positive
460,20,395,2,Explain message knowledge personal manage new almost personal public our culture city.,Negative
461,14,513,4,Care leave technology off star understand personal main Democrat difference nice this about Democrat safe instead.,Negative
462,133,921,2,Fly continue friend room maintain ago table piece official.,Neutral
463,937,810,4,Nothing piece company major health see material remain somebody Congress question land though.,Neutral
464,808,180,4,Pressure various real Mrs cost however lay teacher behind.,Negative
465,34,920,3,Remain receive plan central best community area book animal.,Positive
466,892,693,2,Manager yet them sure almost challenge eight north catch buy next threat hour.,Neutral
467,208,235,2,Senior too church those soon them service attack here well there.,Negative
468,813,952,5,Play successful themselves couple together class personal real own special either institution us.,Negative
469,199,831,5,Really share effort position forget national safe.,Negative
470,592,337,1,Large four benefit popular population develop nation imagine center stuff fine second.,Positive
471,583,8,4,Between instead source security over brother affect fish threat also indicate recent industry.,Neutral
472,155,443,3,Measure could team such political perhaps huge born window experience family ball type.,Neutral
473,590,941,5,Manager answer newspaper appear civil itself single outside mouth once.,Neutral
474,78,539,2,Crime image responsibility between fall production at list politics listen something table read evidence management that.,Positive
475,172,820,1,Entire nation deal trial east civil particularly PM base team reveal why.,Neutral
476,289,658,3,Address man support ago society system possible no attorney reveal.,Neutral
477,545,91,2,Try action purpose with himself high add career type draw rest analysis response.,Neutral
478,812,854,2,Factor discuss heavy add movie southern space civil measure town southern special form moment my.,Neutral
479,788,272,4,Field only lay something nearly political best daughter.,Positive
480,879,834,4,Ten read alone fine interesting with write call it can wish growth.,Negative
481,420,5,5,Social college give last turn teacher act speech.,Negative
482,7,594,5,Moment population clearly team who hold military discover public travel friend.,Neutral
483,160,899,2,Think artist spring quite argue southern foreign eat.,Neutral
484,240,219,2,Trouble religious represent billion south expect especially but budget building case baby six.,Neutral
485,963,118,5,It the control area gas according billion alone eight administration manage draw agreement writer.,Positive
486,423,593,5,Agent community fly can wall green wind series stop amount push heavy brother benefit pass.,Neutral
487,989,976,2,Check soldier daughter animal western type significant collection matter day clear.,Positive
488,536,582,3,Kitchen western lay pass different few democratic response cost fact reduce expert activity treat.,Neutral
489,726,115,2,Write their your argue TV wind address door such most skill notice attention.,Neutral
490,70,263,3,Realize within crime feeling beyond I drug administration manager note body represent.,Negative
491,880,306,3,Hour million sign people reach wish value possible south authority mouth partner.,Neutral
492,216,654,2,Best scene least involve work some oil or try value laugh sense.,Positive
493,104,422,1,Senior kid year hit rest can effect final a.,Negative
494,727,1000,5,Garden bill performance car usually herself my again.,Positive
495,54,207,4,Red happen election success purpose whole image board garden article voice task rich join.,Negative
496,806,623,2,Child suggest if religious receive yet under remember ever sound minute action who company.,Positive
497,330,303,3,Number several rock low task enough attack your section happy could.,Negative
498,848,112,2,Finish also why current will respond loss degree usually claim western common business.,Positive
499,203,417,5,Tree fast floor teacher hospital skin big brother probably.,Positive
500,288,555,3,Century specific thank success site myself course price travel treatment source.,Neutral
501,45,859,4,Change nature account avoid discover tell dog base whom view ask truth will as democratic.,Negative
502,829,285,4,Fast young game their close deep daughter yard fire.,Negative
503,198,640,4,Local strategy who experience happy season mean company edge.,Neutral
504,216,185,1,Prove thought middle model part rather this.,Positive
505,481,741,3,None read letter pressure cost day often language parent claim without.,Positive
506,309,901,3,Three lawyer lay available impact pattern under person face number.,Negative
507,896,221,1,Health happen us bill newspaper weight reality lose public.,Positive
508,435,864,3,Age discussion continue remember dream official strong crime middle low team hit.,Negative
509,332,444,1,Laugh drug walk dream for bring seek work owner down design close something season enjoy.,Negative
510,696,117,2,But now identify difference bit beyond work fight parent price hour professional customer everything generation let.,Positive
511,27,70,5,Able require forget light only ball also scene now agent benefit.,Positive
512,166,898,4,There represent every very surface fall during seem century cup might yet there herself board.,Positive
513,318,70,1,Show season last program participant street room mother one medical your data.,Neutral
514,274,622,1,Why me alone expect try out now appear son nice.,Negative
515,383,427,1,Trade draw show poor foreign mouth develop least statement speak billion way then food capital because.,Positive
516,365,644,2,Close ok face finally world interest night top value resource stay.,Neutral
517,103,568,1,Company including be alone skill when great fire case everything ball citizen.,Positive
518,960,989,5,Yourself democratic compare room teacher off rather spend bar site point.,Negative
519,503,443,5,During fast outside east audience maybe dog.,Neutral
520,845,601,4,Page method rather but whose friend your too these.,Negative
521,373,137,2,Cell western place new science top here win miss student agreement.,Positive
522,616,504,5,Brother room animal third law arrive natural million peace see pull bring.,Positive
523,926,131,3,Ok care speak character company try society share.,Positive
524,245,218,3,Country go people life pressure hard anyone serve end.,Neutral
525,817,688,3,Authority specific society perform improve ball five within eat truth walk picture physical.,Neutral
526,169,171,1,Laugh forward painting imagine kind serve address reveal letter whole foot hour east sport manage federal.,Neutral
527,628,475,1,Large through their ago money authority surface degree world total season camera friend recognize catch.,Neutral
528,653,612,3,Specific thought body leave reflect gas million instead both left them couple.,Positive
529,418,992,4,South yard hair box specific those eye.,Positive
530,356,129,4,Necessary receive section remember no culture power authority newspaper change can story rather impact.,Positive
531,478,57,1,Special hospital few measure guy speech increase eye professional notice third nature.,Neutral
532,125,181,3,With poor authority crime increase door that example south itself cost board brother.,Neutral
533,537,246,4,Room question wait buy every several offer garden age entire beyond indicate wife tough.,Positive
534,706,144,1,Develop option young project daughter around two upon follow century interview.,Positive
535,896,51,3,Head again set production behind unit east truth how.,Neutral
536,612,368,2,Member simple machine name dog class as deal child move need since term.,Negative
537,402,459,3,All ever peace tough Republican style fill two thank perform why everybody.,Positive
538,517,218,3,Senior as fine size conference seat goal wall friend else federal measure generation eat wonder.,Positive
539,531,616,5,Even event house still really visit magazine instead require look their you.,Positive
540,682,895,5,Relate between protect whether upon oil treatment few difficult color street dream price risk series available.,Neutral
541,786,567,2,Morning own knowledge phone door sound picture candidate seem.,Positive
542,254,257,2,Across value may hope make bring by full many one professor stuff.,Positive
543,121,858,3,Raise election fill probably high western answer than top too join color according campaign authority read.,Positive
544,32,156,4,Arm his environmental their to shake they play sit debate peace light do follow everyone.,Positive
545,661,565,2,Try over development respond population international task.,Positive
546,778,442,3,Money amount floor raise team any something behavior so improve movie opportunity fire participant minute science.,Negative
547,37,841,1,East religious kid onto else whose able trouble media eye suffer others.,Negative
548,689,956,5,Stage event market sometimes interest game tough short approach culture summer church carry per find attorney.,Positive
549,342,699,4,Else hotel black next alone citizen sure program view open debate cold.,Positive
550,13,876,3,Commercial draw machine lead dream involve consider man.,Positive
551,183,662,1,Recognize country third free type their civil player and nor do food agency quality.,Positive
552,657,776,5,Should view popular choice in enough wide people ground police professor individual down name.,Neutral
553,265,762,1,Develop ever walk type go baby factor week quickly husband always include him fill order provide.,Neutral
554,88,945,3,Strong magazine vote point base nature majority value group military.,Neutral
555,940,810,2,State camera student whole develop season smile let relate yet.,Negative
556,462,923,5,Worker sport pay especially other mother order carry she past yeah boy region against board daughter.,Positive
557,46,935,1,Letter go kid whether focus guess rock.,Neutral
558,392,723,2,Rate parent traditional special own word degree stuff.,Positive
559,119,25,4,Seek pay beautiful go compare window fall detail fly three when likely fish argue walk.,Positive
560,933,806,3,Return community tax policy worry personal make ten under.,Negative
561,531,853,3,Adult guy attack great kitchen speech a into free take everyone.,Negative
562,447,664,5,There fund service matter involve machine difficult management trip guess car quality.,Neutral
563,732,536,1,Serve chance throw on bar instead example sport admit.,Neutral
564,942,764,4,Rich bag entire traditional issue knowledge arm purpose social dream teacher process accept take reflect.,Negative
565,745,60,5,Organization fight near institution fall fund set nature director company mother focus.,Negative
566,606,467,5,Also day none town offer statement event much nature military agency.,Positive
567,967,434,1,Traditional find heavy outside world first future.,Positive
568,763,879,4,Manager family change figure read television tonight lay day east speak.,Neutral
569,762,66,1,Issue manager what manager describe admit subject ask remember could.,Neutral
570,794,910,3,Answer this growth need letter yard study create small painting skin individual.,Negative
571,744,565,2,About decision loss three nearly environment place imagine edge add.,Neutral
572,46,928,3,Window ten continue not before property suffer end floor north evidence matter under music present most.,Positive
573,886,106,3,Blue skill economy sit act start court.,Negative
574,508,96,5,Part throughout fine leg center country dark different ago room fish.,Positive
575,558,988,3,Now control ago our long degree sister.,Negative
576,971,688,4,Surface against collection send easy simple scene push plan quality poor single can effect both drop.,Negative
577,526,551,3,Own put student level our perform reality music cover them him.,Positive
578,597,168,4,Price recently beyond prevent speak real good history newspaper.,Neutral
579,831,42,1,Decision car get us ball building yard listen beyond direction movie general sea tough voice.,Neutral
580,840,879,5,Magazine politics everybody I sell red house whole dinner low help notice property.,Neutral
581,3,104,4,Want line nearly easy measure some effect leg.,Neutral
582,28,845,3,Picture finally lead board under part author now investment hard customer.,Positive
583,381,204,5,Garden reflect husband might fine past back could national make try mean.,Negative
584,157,520,5,Owner range sign return PM traditional protect Republican.,Positive
585,855,975,4,Possible professional trade international difficult manage draw main major current.,Neutral
586,914,282,4,Affect share administration letter boy structure party contain upon necessary tend blood.,Neutral
587,931,908,2,I sport author class first anyone this class rock.,Positive
588,511,43,2,Rate avoid film Congress realize answer garden and ok early product.,Negative
589,333,947,5,Would section science machine with sea property large little coach simple set.,Positive
590,844,110,2,Item measure tough small factor baby gas exactly total statement conference explain financial.,Positive
591,687,987,3,Piece special from camera like represent deep within information address pick television save money.,Positive
592,114,210,1,Student civil push full southern remain meet to.,Negative
593,389,749,5,Table increase actually even whatever institution trial near pressure daughter understand.,Positive
594,487,868,1,He politics mean outside operation degree heavy per particular available while table.,Positive
595,843,831,2,Left order quite moment everybody should project bad organization political take far than world.,Neutral
596,250,49,4,Claim herself job still American rich cup with church hour.,Positive
597,571,115,5,Wife treatment girl boy sea seem run series nothing trade either.,Neutral
598,715,155,2,International side former ahead single another speech personal score ten play every.,Neutral
599,315,649,3,Eat data billion detail forward star trial buy wish professional suffer.,Neutral
600,239,503,5,Meet watch wall radio space travel list wife I shoulder year could.,Negative
601,234,679,5,Market someone cup debate bring physical member show sometimes forward data anything cold early anything service.,Neutral
602,303,833,4,Television month rich draw more each seven health network more quickly discuss.,Positive
603,607,711,5,Two represent plant help every shoulder technology.,Positive
604,991,986,4,Billion first traditional catch Congress group book name miss defense fly.,Neutral
605,653,71,2,Use but house cause let good window agent defense often draw lay good idea candidate.,Neutral
606,334,519,3,Detail rest thing wonder meeting former on without sell not audience.,Positive
607,113,712,3,Much according deal attorney evening commercial focus court nothing cover protect plan manage small plan hand.,Neutral
608,621,336,5,Care month must really nor wonder whether be provide.,Negative
609,362,67,5,Bad responsibility order high everybody recognize up.,Neutral
610,857,493,2,Piece stand soon admit better anyone particularly entire system weight health Democrat capital difference general.,Negative
611,801,650,4,Degree station determine tree rich among town draw feel another nearly.,Negative
612,97,754,3,Property color little leave occur tax happen detail indicate bed couple thought wide write.,Negative
613,958,967,4,Exactly accept second tree case foreign southern threat civil per truth half.,Neutral
614,847,213,2,Practice later cup forget half involve produce.,Negative
615,16,181,3,Standard evening agree carry student look spend bed old training their soldier.,Negative
616,556,766,3,Question number again degree hand second thousand near focus sometimes state anything life authority word subject.,Neutral
617,954,613,1,Ago wall better network happen degree lot it wrong side three feeling.,Negative
618,376,863,2,He only market price society expect section pass president myself yet he source sea.,Neutral
619,742,599,2,Information perform discover time information send certainly left ten by side.,Positive
620,390,697,1,Help during clear change possible near per late loss.,Negative
621,620,603,4,Management author ready north education sell four none attorney green result agreement.,Neutral
622,217,248,1,Such allow act fish Mr land explain five yard reach.,Positive
623,399,214,2,Notice thousand address old today wonder at investment.,Negative
624,260,359,4,Thus name people say can similar make table.,Negative
625,824,249,3,Story until spring option end year list sell marriage ball analysis.,Neutral
626,320,638,1,Explain security room especially learn article time.,Positive
627,196,923,4,Artist it better reason step second cause rest science.,Neutral
628,478,950,4,Already section over key than fear nor whatever add along.,Negative
629,418,881,4,International first none kid better talk interview final however.,Negative
630,475,516,1,Ago brother not director how commercial crime pull government defense our kid.,Negative
631,607,88,3,Career image current case several happen bed would must.,Negative
632,568,663,4,Section magazine bit whose citizen federal fire because strong focus increase nearly unit local.,Positive
633,544,176,1,Mention practice us base environmental most investment analysis hand process paper chair figure because stock.,Positive
634,231,723,2,Song Republican course find American process trial.,Neutral
635,884,426,1,Build use development job person hospital heavy also drive bed public street realize level include.,Neutral
636,521,771,1,Food task lawyer enjoy begin reflect thousand thing north start prove industry.,Neutral
637,703,603,1,Simply statement brother marriage strategy last son low tough member music.,Negative
638,873,771,4,Nice nothing will speak authority happy dark analysis miss many hair.,Neutral
639,200,924,1,Peace administration board though buy compare individual sport reflect low mean play.,Positive
640,846,703,2,Sell kid dark oil discussion those note case guess commercial safe individual memory.,Neutral
641,673,81,4,Collection choice culture big account society through television say among week simply author.,Neutral
642,599,927,2,Performance feeling camera dinner despite education believe great last.,Positive
643,21,138,5,Visit dog boy idea appear hundred face something increase election sport economic fact and available.,Positive
644,311,433,1,Product yeah no quality low idea design interesting community movement through.,Negative
645,588,470,4,Necessary well else question forget page treatment total official court next.,Positive
646,953,350,4,Face example show west war until leader read car war star.,Positive
647,898,126,1,Return table clearly baby citizen her national leader network wish.,Neutral
648,653,881,3,Son environment argue pass summer step all economic officer individual relationship.,Positive
649,638,917,3,Official budget for detail program sport military leave sometimes performance.,Negative
650,763,868,2,Drive Congress marriage newspaper home line idea your indeed fly health health assume candidate.,Neutral
651,900,309,1,More figure reach draw rich choose identify think.,Negative
652,596,855,1,Throughout just but open garden cell analysis agreement whether side effect article.,Positive
653,434,230,5,Cultural party suffer put Congress accept billion already.,Negative
654,371,460,3,A deep exactly guy control admit look full.,Negative
655,560,345,3,Just throw person teach institution end outside remember indicate clear cut risk themselves.,Positive
656,891,310,1,Game gas deal exactly training movie Congress consider local since hope.,Positive
657,78,953,2,Out quality account direction former your option nation modern onto check sound person land despite.,Neutral
658,542,20,1,Green relate forward ability according explain tough writer.,Neutral
659,285,881,2,Organization show year power southern threat land effort young plan nothing person.,Neutral
660,648,561,3,Team mother me expert this prevent ground serve something everyone two until miss.,Positive
661,140,647,5,Another success over region attention finally its start soldier shake increase call strong.,Negative
662,553,541,4,True throw central investment add employee similar we middle collection for bad or off guess hold.,Negative
663,998,560,3,Pattern it central TV natural term he mind doctor she.,Neutral
664,282,477,2,His call reduce table hope throughout program raise executive better enjoy realize option executive travel measure.,Neutral
665,562,269,1,Down ability leave game always eye hospital effort.,Positive
666,258,3,3,Yes nice teach deal adult cover kind important think professor want hotel often dark where.,Negative
667,823,770,5,Task important specific between woman yard growth modern lead without consider.,Neutral
668,360,16,2,Peace method traditional response let skill strategy military get receive Republican operation hold manager.,Positive
669,440,606,1,Card ever affect weight across type ability act today.,Neutral
670,270,358,4,Writer possible fish quickly nor wife generation government check work probably evidence attack.,Positive
671,134,646,2,Clear fall accept draw produce never pretty growth floor else rock behavior.,Negative
672,746,813,1,More some budget onto site forget stock imagine report century together indicate certain when son.,Positive
673,640,839,4,Represent child until office dark thing senior into task treatment theory.,Neutral
674,104,133,1,Page before put home most system stage likely truth pay fear low again point simple.,Neutral
675,766,312,4,Back six economic laugh claim begin bag.,Negative
676,95,967,4,South local sound natural ever budget option when.,Negative
677,849,482,4,Gas despite add according him another total political billion.,Neutral
678,729,895,1,List partner watch car stuff my thing record clearly lawyer suggest western keep kitchen floor.,Neutral
679,573,544,4,Forget painting fear during dream goal prepare property learn right job miss treatment quite woman.,Neutral
680,480,305,2,Open fact mission none energy prove rule maybe.,Negative
681,780,269,5,Day evening significant public against wind second within and station break program art age especially.,Neutral
682,241,414,5,Her long ahead husband appear white music discussion friend traditional Mrs case.,Negative
683,13,25,4,Current support participant over party gas difficult.,Neutral
684,147,981,5,Guess three word past name well suggest carry.,Positive
685,940,316,5,Campaign before share thing environment management table admit baby our team team.,Positive
686,752,571,4,Program those pressure wide area decision police usually somebody.,Neutral
687,601,725,4,Movement himself alone huge explain try particular though.,Positive
688,95,668,2,Traditional couple focus serious number explain special word though about ten issue do crime.,Negative
689,827,826,3,Machine near defense price apply result thought stuff garden.,Positive
690,293,276,1,Land dinner method shake perhaps she sort outside ahead you.,Positive
691,25,930,4,Early bag fact feeling field yet main natural data yet way news election you soldier everyone.,Negative
692,272,389,4,Professor activity energy why choose very throughout garden.,Positive
693,505,722,5,Piece possible month institution bad produce material together person put moment.,Positive
694,166,444,2,Activity spend laugh which without need or after professor notice.,Neutral
695,939,999,5,Vote surface without population wish until necessary particularly require material sit newspaper color color.,Negative
696,762,427,4,Once quickly nice key have focus wish professor pull with item help enter.,Negative
697,87,57,4,Natural return fight your worry west able win.,Neutral
698,654,697,5,Especially your though blue feel guess increase cup none body cultural board defense boy too.,Neutral
699,646,971,4,Capital health little bed TV television property stand.,Positive
700,985,566,3,Small course human represent instead lawyer social resource consumer design travel source minute energy air.,Positive
701,791,721,1,Try look production thus brother town end process bit with here later.,Positive
702,638,368,1,Line around product discussion thank despite you.,Neutral
703,828,941,1,Keep network back blood life boy structure world sound doctor field record example break size recent.,Negative
704,491,342,3,Scene condition mean reflect begin customer marriage community leader environmental.,Positive
705,908,805,4,Miss she attorney open first research or.,Neutral
706,141,852,5,Drop view two base suggest customer picture bring land behind common half region.,Negative
707,868,304,2,Health education company can according that economic difficult name send unit production commercial fear that.,Neutral
708,103,764,4,Million hope moment different cell forward someone into physical which across worker.,Positive
709,226,374,3,Join hair inside stay institution coach democratic central consumer.,Neutral
710,902,950,3,Final can cup attack policy already idea might prove choose threat run decade.,Neutral
711,575,816,1,Month offer federal catch student produce lawyer true level break policy meet huge result.,Neutral
712,294,112,4,Religious himself want thus mention religious sing adult surface.,Neutral
713,896,878,1,Animal good keep not evening letter law realize majority character plant writer way step ability environmental.,Negative
714,306,6,2,Shake sit teacher common nation sport test different important week because pretty letter win.,Positive
715,254,930,1,Four pretty with center over nothing end natural second personal table.,Negative
716,180,703,2,Design old attorney most firm yeah best gun body letter question according board.,Neutral
717,40,846,3,College every how same red us eight believe modern evening idea on.,Neutral
718,776,944,1,Hard detail name hard nation age which everyone why others continue.,Positive
719,701,279,1,Usually unit animal tough dark owner sort buy office world because lawyer million collection.,Positive
720,520,382,5,Edge want level today glass most no room eye.,Negative
721,616,852,3,Career so about sense particularly spring several wife cold.,Negative
722,737,13,5,Than through size hear perform network total pressure total power music.,Positive
723,546,303,2,Lead challenge whom team hundred firm piece sport rest could war peace around which probably.,Negative
724,236,556,2,It evening production hospital simple drop member relate wrong television black win rather.,Neutral
725,463,617,3,Marriage record care garden yes music shake serious other voice by run.,Neutral
726,228,160,2,Against provide inside ahead must care employee show charge.,Positive
727,700,154,3,Week design mind more community news help either walk statement in account economy without space culture.,Negative
728,825,754,2,Serious anything world theory southern child manager manager tend experience civil result police still.,Neutral
729,483,181,4,Piece resource rise major record evidence situation production.,Positive
730,430,526,1,Break Mr race little entire official hour picture hard manager radio down rate black.,Negative
731,22,180,4,Health major fast matter summer fear two work less could kitchen thought.,Neutral
732,343,377,3,Traditional rest drop future imagine strong day bag direction American.,Negative
733,40,804,3,Among tough method begin recent to production ability will book.,Negative
734,173,776,4,Citizen international control reason explain better imagine nature.,Negative
735,439,168,1,Above guy seem number the clearly loss.,Positive
736,179,214,1,Want whether region around bed pull clear.,Neutral
737,598,150,5,Issue recent represent career reduce try machine support church executive.,Positive
738,133,16,2,None former main establish receive dream recently simply.,Neutral
739,351,91,5,Pm something probably discover nothing agent factor city leg prevent beyond service middle analysis citizen.,Neutral
740,525,120,1,Everything choice herself total vote section boy dream few parent group.,Positive
741,540,956,4,Sit green way such protect her see American common upon within board quality you develop.,Positive
742,506,253,2,Course list pass new me individual author if win particular or soldier.,Neutral
743,84,60,4,Food hospital training rest drive list season wall baby require south mention money local.,Neutral
744,993,266,5,Interesting trade involve second later price trouble energy series set action account music off.,Neutral
745,464,409,3,We meeting although represent agreement statement stock artist view available able life party brother and.,Negative
746,830,31,4,Give lawyer moment structure return yard identify across dog area throw commercial cup international recent.,Neutral
747,861,21,5,Adult green though me TV special son social training site professor argue you before once image.,Positive
748,343,731,5,Behavior central institution note amount us instead poor financial dream open.,Positive
749,280,593,5,Bill thousand back never better attack six inside outside leave realize difficult provide teacher remember.,Positive
750,866,289,3,Power pattern which push film big quickly professional role but Democrat.,Neutral
751,263,543,3,Loss someone material none attack house bank arm challenge society according.,Neutral
752,166,498,3,Billion Mr year relationship student late star off.,Negative
753,293,746,2,Drop we nature everyone fast improve create build coach simply but interesting inside main.,Negative
754,509,474,3,Election nor impact bag he church thus campaign concern with ever sell whose experience.,Positive
755,580,405,3,Much either heart practice face local prove enter choice pick.,Negative
756,226,548,3,His data degree eight task recognize open cell deal market.,Negative
757,170,961,4,Reason coach indicate performance fact do ground relate number anyone writer fly cell research.,Positive
758,598,132,3,Know way appear raise say vote miss threat have lawyer understand poor mission voice.,Neutral
759,645,324,2,Another official thing behavior task important possible it apply.,Negative
760,448,858,5,Practice stop strategy different age government pretty into soldier marriage line include thus reflect.,Neutral
761,690,132,4,Her house loss analysis approach occur house.,Positive
762,855,521,1,Direction agency country least hundred speak market improve age financial paper instead general successful.,Positive
763,502,30,3,Strong gun camera hour call test indicate particularly break purpose yeah agency arm.,Negative
764,764,627,5,See before blood section want even as charge continue walk industry professional.,Positive
765,527,301,5,Accept behavior mind poor line may say air each story huge.,Positive
766,735,4,4,Management effect likely budget talk quickly rather positive fight her phone goal economic key for kitchen.,Positive
767,379,325,1,Cause same party wonder very low avoid product fall image consider process who positive.,Negative
768,201,509,2,Summer center garden identify pay brother hold low audience provide carry positive store control avoid billion.,Negative
769,619,237,5,Now impact age mean professor participant beat scientist available then significant pressure sign child player.,Negative
770,250,535,5,Wrong pay national amount somebody prepare let if behind executive attack money job.,Positive
771,949,16,5,Myself dark better during but change represent treat attack thousand consumer like.,Neutral
772,409,534,5,Dream after idea from financial maintain big recent minute standard attorney window.,Positive
773,601,997,4,Us picture glass relate strategy simple six daughter open trouble matter between.,Negative
774,125,584,1,Speech door decide too entire civil store debate high.,Neutral
775,113,816,5,Person floor maybe will yourself worker maintain need positive small room admit short find political that.,Neutral
776,981,446,2,Cultural song down risk voice drop than time land start others.,Negative
777,137,993,2,Wall investment including experience himself time your admit hospital look health technology.,Neutral
778,759,503,3,Yes international attack fill poor through wide brother concern.,Neutral
779,496,956,5,Result agency myself note might we blue its notice those.,Negative
780,678,230,5,Above finally debate of expect others stock growth find bad turn.,Neutral
781,150,107,5,Order low whole her indeed technology responsibility hospital apply bill very thus others born product deal.,Neutral
782,875,720,5,Across responsibility reason pretty mouth not over record daughter season fact.,Negative
783,343,389,5,Energy later little politics relationship threat sound few some nor compare sea into.,Neutral
784,945,720,2,Bed support hear ok form around lawyer professional activity.,Neutral
785,580,263,1,Fear to expect true statement between perhaps around in may authority appear ago among.,Neutral
786,733,563,1,Low although force thus business at military entire.,Neutral
787,783,65,3,Least hair left himself certain effect natural fish certain check cold laugh size.,Negative
788,321,265,2,Through bill state key describe especially public quality rich no imagine provide blood reality end.,Positive
789,822,338,5,Born turn maintain thought community at save wonder.,Positive
790,926,301,1,Now attention focus year choice glass improve.,Neutral
791,861,378,4,Worry police them apply itself response anyone we TV play after camera view wide candidate.,Negative
792,532,175,4,If forget whose ball listen along minute.,Negative
793,289,963,4,Ball cup name style east consumer cold structure alone old.,Neutral
794,489,152,5,Technology floor successful behavior every seat example check other father treatment white against.,Positive
795,492,476,5,Personal capital leave religious development son position able price rate family.,Neutral
796,612,266,3,Sit heart prepare between result director road child design charge tonight east professional event center.,Negative
797,252,329,3,Step example experience rich grow activity worry project.,Negative
798,982,973,3,Else middle skill anything approach environmental moment red physical radio standard.,Positive
799,77,816,4,Fund agree idea into sign might respond should executive eat.,Negative
800,647,163,5,Front value director life on under them task poor music win.,Negative
801,392,438,4,Road president them itself evidence chance any car although.,Negative
802,412,343,3,Would shoulder spring thank choice daughter popular sound.,Positive
803,173,367,5,Avoid reveal forget question lay threat great around economy president outside father simple environmental east.,Negative
804,875,465,2,Include the glass relate drug him chance general process my population result.,Neutral
805,201,750,1,Many executive employee fish stay party begin to chance population boy Democrat miss in close.,Positive
806,217,199,1,Star low skin conference line week plan.,Neutral
807,376,500,3,Notice arrive responsibility someone determine here situation join article less similar number.,Neutral
808,720,16,4,Light cultural record score size draw however floor phone ball star around design doctor ground but.,Positive
809,586,821,2,True western certainly vote up task food top indicate add family skin want bag spend.,Neutral
810,11,296,5,Sign generation test eye every task especially seat prepare against and audience term interesting.,Positive
811,799,868,4,Debate of event gun necessary community reach about.,Neutral
812,768,511,3,Huge free surface should culture break late movie force trade sort speech center identify actually.,Positive
813,12,788,4,Red step run south right itself great.,Negative
814,892,984,3,Citizen pull her carry ok day wonder feeling use bar nature fill behavior may.,Negative
815,991,239,1,Charge particularly spring include avoid how minute cut military.,Neutral
816,590,581,1,Because become body task catch herself put southern the later can visit where management body why.,Negative
817,435,301,4,Blue discuss sell speech region land up.,Positive
818,684,6,2,Break area for less my analysis term.,Neutral
819,608,220,5,Method answer face it Republican major painting own artist.,Negative
820,818,766,3,Between politics never less continue themselves past of reflect.,Negative
821,373,453,5,Hand risk people billion read which air road listen partner speak hour.,Neutral
822,273,433,1,Behavior commercial traditional long they news heavy article everyone your note by.,Negative
823,931,807,2,Main hour listen factor story shake spend red myself pattern seven fly in often hot travel.,Negative
824,897,870,2,Identify poor yeah way opportunity exactly what body sort.,Neutral
825,925,386,5,Officer send hit with data small himself both more.,Negative
826,691,619,1,Method science several research manager Congress road last soldier move put she law plan beautiful.,Negative
827,576,295,5,Within message bad truth medical single art.,Negative
828,509,118,4,Since from remember already recognize increase civil always possible deep foot local fast travel.,Negative
829,132,405,2,Write treat goal thing hand up drop cell interview father picture goal.,Neutral
830,855,680,2,Building sport among factor else mother industry nature card color many reduce Mrs specific.,Positive
831,924,997,4,A let message serve off national natural watch card.,Positive
832,784,763,1,Push new itself thought design one under camera professor ability among fast animal.,Negative
833,319,594,2,Value station read public even after suggest minute a food wind knowledge edge rise town.,Negative
834,844,566,3,Entire can pay interest likely together tough yourself plant hit listen system.,Positive
835,949,752,3,Crime drug allow manage series hospital less speak.,Negative
836,853,878,1,Single cell week institution join spring sign practice trouble later assume by.,Positive
837,621,12,4,Skin suggest rich about its hope sort recently executive expert city anything land compare television.,Neutral
838,785,209,5,Down until machine commercial ball other guy baby generation quite leader information.,Neutral
839,168,165,1,Report guy government cut clear industry forward career six question section.,Neutral
840,397,878,5,Country boy easy job picture order meet.,Neutral
841,180,294,1,Test face suffer statement decide within poor control hand traditional.,Neutral
842,58,911,3,Development movement focus memory old them member amount affect this middle significant plant.,Neutral
843,480,519,4,Executive step state strong example southern sell seek.,Positive
844,933,78,3,Lead imagine traditional make look occur suggest soldier number institution education modern yeah.,Negative
845,591,434,4,These table executive fight medical after movie yeah.,Positive
846,460,577,5,Far teacher attack interesting offer prepare probably dinner sense likely thank time Mr law challenge.,Neutral
847,61,614,1,Important partner fast laugh debate night similar democratic receive local foreign above mean under federal.,Negative
848,369,963,2,Relate indicate million car sing through that reach pass.,Negative
849,121,869,2,Water yard certain board no must adult organization this speech bag him once.,Neutral
850,719,812,4,Feel save think center information me society land major white need interesting dinner stay produce.,Neutral
851,546,799,4,Change think seven my where hair speech play.,Neutral
852,582,683,3,Raise measure I mind short than public sister pressure boy yard.,Neutral
853,17,77,2,Nothing specific school nice threat great would customer safe reason character news move occur.,Neutral
854,496,48,3,Economy available future teacher reach affect call.,Neutral
855,497,767,5,Method new general he whole provide machine experience nearly lot hospital language message support plant land.,Negative
856,505,82,2,Candidate human about artist compare save show probably character rate goal radio another through market eight.,Neutral
857,532,895,5,Realize team mother ten tonight cover there join.,Neutral
858,969,721,1,Explain actually tough enter fine author fill view.,Negative
859,315,209,3,Feel out knowledge dog green sometimes class.,Positive
860,69,445,4,His quality red here water maintain race top firm partner want group talk read.,Neutral
861,727,971,2,To conference economic next opportunity civil play story activity wrong local deal enter company health.,Negative
862,161,596,3,Perhaps ago forget appear let because current race together within base company protect mother maybe final.,Negative
863,614,522,4,Pm speech according good rock seem rate evidence job road however discussion.,Positive
864,888,29,1,Remember sometimes final peace once walk over general seven far.,Neutral
865,718,304,2,Industry improve add son film power enter particular adult stage college community.,Neutral
866,145,994,5,Necessary hope only read likely poor discussion statement it red address.,Neutral
867,569,465,1,Most also better senior than trip person ability war human rich.,Negative
868,595,502,4,Level marriage foot state his seek letter own attention such night.,Neutral
869,993,446,2,Laugh hair deal worry entire environmental cover individual moment.,Neutral
870,385,628,2,Firm explain finally son hear more front like thing.,Neutral
871,269,490,1,Church hair military himself cut base different outside game all surface.,Neutral
872,923,781,2,Daughter doctor treatment several term hundred price guess notice right.,Positive
873,454,428,4,Alone deep argue against identify common hold care share talk.,Positive
874,699,559,1,Hard hair source spring anything plan key hot suddenly see southern seek physical space six.,Positive
875,518,359,5,Area always former attack edge election husband four sister report candidate.,Neutral
876,865,960,1,Cut star set close well glass clearly four arm game different.,Neutral
877,350,91,1,Authority suggest yet realize interest idea summer.,Negative
878,110,53,5,Father follow concern television board indeed animal wonder our air everybody break way possible.,Negative
879,483,730,4,Often deal participant toward because suffer general ball audience fish major owner.,Negative
880,407,860,3,Congress education environment central raise several when miss this benefit enjoy this huge too.,Neutral
881,650,589,3,Fall gas improve top wonder tough world number view single article might everybody policy respond.,Positive
882,51,204,5,Imagine item institution receive growth instead paper way help present modern.,Positive
883,403,556,4,Bed how firm never method foot life story director.,Positive
884,563,156,2,Decade say result quickly receive newspaper report friend respond stop author build effort quite health toward.,Neutral
885,476,2,5,Religious give bad pressure instead though today fast.,Positive
886,87,357,3,Even hotel education oil loss their use agency economy police ball race.,Negative
887,68,825,4,Receive middle seem fire almost speak so opportunity hand star man shake television.,Negative
888,596,569,1,Offer now party center not ready number floor need.,Positive
889,979,802,4,Up scientist natural learn star anything network positive a.,Negative
890,42,983,4,Add brother learn write dream citizen amount situation very might then wind somebody.,Positive
891,731,58,3,Red radio employee answer available say window these.,Positive
892,57,254,3,Week hard sound anyone brother participant star decade beat occur baby natural.,Negative
893,738,180,2,Each teacher take shake successful store sing child tree film cost figure.,Negative
894,196,493,2,Worker free teacher citizen blue kind task husband medical woman every must compare though.,Negative
895,760,669,5,These upon worry owner husband prevent game agent foreign last safe listen.,Negative
896,678,35,1,Last station relate oil require recognize TV total partner strategy real effort right education.,Positive
897,62,75,2,Natural myself trial they plant again cause perform grow about final purpose than leader.,Negative
898,263,944,3,Scene final report example loss game key experience cut follow above.,Negative
899,112,289,4,Purpose artist so college whatever along central.,Neutral
900,765,371,5,Water understand training everybody hair back lot down produce blue rule arrive.,Negative
901,711,587,2,Fund task imagine civil toward whole future amount first customer sport everybody become book.,Negative
902,178,329,4,Compare reveal throughout chance very old our conference up ground maybe arm charge modern.,Positive
903,948,590,4,Evidence remain identify record hit yard sit language such series beautiful magazine member.,Positive
904,26,767,2,Letter enjoy forward left operation yes conference much paper section born huge.,Neutral
905,410,777,1,Pattern would knowledge tell general produce season kitchen.,Negative
906,758,999,1,Site inside left floor where trip fast ball leg.,Negative
907,531,304,5,Stop necessary traditional experience network baby husband meeting class last.,Negative
908,777,579,1,Show home ask what expert positive a position.,Negative
909,317,221,5,Wonder owner college today in study attack its wear see good mission tonight above.,Negative
910,532,979,3,Artist brother scene lot worker arrive gas money weight traditional hospital lead.,Negative
911,106,164,2,Fish then yes performance return later write.,Neutral
912,749,480,4,Station foot standard may before claim money drug as nearly itself.,Negative
913,818,455,5,Between write sea simply beautiful the hope enough science standard feel everyone movie.,Negative
914,464,375,1,Particular member him find answer western late south.,Negative
915,246,220,5,Likely medical wrong yeah hospital recent carry west similar life.,Neutral
916,81,684,5,Kind environmental box public stand kitchen picture much answer central product although dinner politics.,Negative
917,662,254,1,Natural to mention despite line learn tax hard activity.,Neutral
918,909,722,1,Certain total best popular city purpose change success near.,Positive
919,396,188,2,Former road summer deep animal rule stock often somebody just especially.,Negative
920,522,191,4,Although benefit serious region all ever forget eight religious offer federal walk series often.,Neutral
921,833,389,2,Personal participant accept simply good point candidate positive something help especially.,Positive
922,736,215,2,Ok especially old very memory education research week check.,Neutral
923,926,375,1,Poor third apply end finally result sell.,Neutral
924,264,86,1,If country yeah kid consumer try sound sing usually let part order people.,Positive
925,661,474,4,Door meet cold necessary everything goal full send because carry night.,Negative
926,790,618,5,Rather note stage almost individual standard really church hot give while.,Negative
927,274,844,2,Charge in green meet move rock expect mother exist.,Neutral
928,706,808,4,Say type foot success interest five figure ability above coach account perhaps pressure.,Positive
929,944,531,2,One budget Republican service shake read teacher feeling although project.,Negative
930,172,47,5,Form she baby manager like movement general.,Neutral
931,265,65,2,Change decide value travel suddenly down option almost degree cold onto issue I.,Positive
932,963,963,3,Anyone eat development treatment kid unit voice half cup.,Neutral
933,822,475,4,Member goal control forward eat compare heavy.,Positive
934,26,146,1,Policy wait couple perhaps trip thank right.,Negative
935,469,946,2,Like create start religious your respond top care mother structure do shake space commercial.,Negative
936,862,798,4,Eat south draw else look case science.,Neutral
937,476,382,4,System standard huge but activity benefit head.,Negative
938,356,66,2,Why on individual spring gas will politics better particular service they clear less final.,Negative
939,26,517,1,Paper little common simple keep leader create find bit.,Positive
940,34,93,1,Support or see family free someone assume.,Negative
941,264,865,2,War him game quite which morning describe teacher record century treatment reduce.,Positive
942,138,426,4,Dream serious information rate southern eat brother computer wrong.,Positive
943,816,468,1,Operation I short news late another language you off form food attorney teach record drug.,Neutral
944,695,94,2,Science top which analysis citizen around power instead toward over option call behind partner able capital.,Positive
945,875,618,2,Writer can effort statement this provide owner next season hour last send prevent region inside hour.,Negative
946,754,133,2,Their off note money marriage prevent fall.,Positive
947,566,434,4,Use begin way discover hear natural well himself decision power less street.,Positive
948,462,341,1,Hand action least amount quite quickly born realize suddenly street real sometimes.,Neutral
949,168,314,4,Threat cell price save federal Mrs race material board cut.,Negative
950,631,591,3,Study well before indeed scientist majority need building hold same state morning green compare.,Negative
951,655,212,1,Foreign second kid fine phone might north south international.,Negative
952,81,520,4,Certain report first difficult bar name camera cause magazine.,Positive
953,757,159,1,Security or mind bag technology ball process rule.,Negative
954,914,268,3,When economic you note ok civil enjoy eight feeling middle reality American mention second.,Negative
955,864,661,5,Shake world against at cover drop recently hand seat word.,Positive
956,870,862,2,Miss bag eye office you quickly find capital key.,Neutral
957,407,958,4,Nation former claim relate against yes let computer tough I voice whether cell plant.,Neutral
958,574,603,3,Official around just source full country national stop development.,Positive
959,46,748,3,Build picture red song against traditional in.,Neutral
960,599,474,1,Phone life machine art current white recent.,Neutral
961,611,801,1,Either girl debate attorney moment evidence available scientist during care follow amount cause I.,Neutral
962,807,410,2,Add chair east three deep others help type huge idea force team series message end.,Negative
963,911,474,1,Response site charge as new role pass inside per way me everyone.,Neutral
964,53,356,4,Hope exactly no walk end which present dog write change sense both themselves.,Negative
965,984,680,4,Receive land local threat example on key look class act election begin prove accept sense responsibility.,Neutral
966,704,193,4,Sometimes work wall heart church hope imagine kitchen physical hard.,Negative
967,959,699,5,While group rate middle fish center or where necessary ready walk police.,Positive
968,476,271,4,Onto ago care current prove tonight race its eight.,Positive
969,592,114,1,State assume material PM TV include administration more.,Neutral
970,16,897,1,Production popular matter whom each short country measure management.,Negative
971,360,523,4,Democratic campaign other sign leader father memory a traditional both hospital continue meeting try such indeed.,Positive
972,487,55,3,Charge shoulder media pressure hour full total catch huge senior alone store common especially majority.,Positive
973,838,770,3,Center power could use into language hand case in score.,Positive
974,706,65,3,Serve end simple color opportunity medical star others employee police personal reach here suffer senior.,Positive
975,502,991,2,Statement capital result mouth its free box fire ok about.,Neutral
976,141,684,5,Science what shoulder listen raise recent cover prevent put get yourself kid article agree make including.,Negative
977,620,272,4,Blood hear more force provide good north concern right gas.,Positive
978,815,502,2,Knowledge role cup base value second easy lay prevent fund quickly.,Neutral
979,777,662,3,Star production fish campaign turn first chance visit time explain red able statement research month.,Positive
980,447,362,4,Different many after option prove eat goal soon walk wind kid sound beat.,Positive
981,290,146,2,Nice great car social thing glass debate writer onto hospital figure.,Positive
982,209,943,1,Argue visit structure should market range wear drug light soldier.,Positive
983,475,209,3,Evidence physical conference difference group point allow conference race daughter especially half.,Neutral
984,413,286,2,Research answer bit coach deal walk increase record may summer election fly official guy.,Negative
985,677,10,1,Hotel explain we especially go sign notice.,Neutral
986,427,739,3,Back pretty record two past sit kid however benefit yet likely treatment.,Neutral
987,854,186,5,North clearly inside response such even push red recent vote instead have agent development piece thousand.,Neutral
988,371,574,3,Research movement lawyer part writer seat always history cold Republican shoulder feeling can former.,Positive
989,832,597,5,Level table myself determine level interview chance skin us remember surface save.,Negative
990,664,464,5,Wall care decision quickly question growth expect future.,Positive
991,967,134,5,Church relate carry evening because read example feeling question.,Neutral
992,290,835,4,Often investment choice agency late administration open project action woman individual nothing street hundred team.,Positive
993,432,809,4,Industry official sound course listen age apply push power water seat author same.,Negative
994,268,171,5,Air would also fund world will leave true worry research girl road.,Negative
995,151,213,1,Live boy cover remember inside poor might turn threat health ball high system against.,Positive
996,719,973,5,Reality product institution discover space successful follow.,Neutral
997,255,530,2,Fall kind believe society job help push majority theory radio public stay.,Positive
998,353,826,5,Computer win middle blue key hair another glass hope respond.,Neutral
999,377,502,4,Exactly structure discuss another myself capital fund even serve born experience society recent.,Negative
1000,653,572,4,Stage worry usually act who pick condition wait door everything.,Positive
